"Modelo","Preço","Retorno %","Gasto Energia","Retorno Liquido","Melhor Retorno","Se paga em","Link"
"RX 550 4GB","1099,90","14.1","37,30","155,60","nicehash","7,1","https://www.kabum.com.br/produto/114478/placa-de-v-deo-powercolor-amd-radeon-rx-550-4gb-ddr5-axrx-550-4gbd5-dh"
"RX 550 4GB","1129,00","13.8","37,30","155,60","nicehash","7,3","https://www.terabyteshop.com.br/produto/12950/placa-de-video-afox-rx-550-4gb-gddr5-128bit-afrx550-4096d5h4"
"RTX 3060","6299,00","11.7","61,27","737,63","nicehash","8,5","https://www.terabyteshop.com.br/produto/17610/placa-de-video-palit-nvidia-geforce-rtx-3060-dual-oc-12gb-gddr6-192bit-ne63060t19k9-190ad"
"RTX 3060","6299,00","11.7","61,27","737,63","nicehash","8,5","https://www.terabyteshop.com.br/produto/17203/placa-de-video-galax-geforce-rtx-3060-1-click-oc-12gb-gddr6-192bit-36nol7md1voc"
"Radeon RX 6700 XT","7399,90","10.9","74,59","806,21","whattomine","9,2","https://www.pichau.com.br/hardware/placa-de-video/placa-de-video-asrock-radeon-rx-6700-xt-challenger-12gb-gddr6-192-bit-90-ga2kzz-00uanf"
"Radeon RX 6700 XT","7394,13","10.9","74,59","806,21","whattomine","9,2","https://www.terabyteshop.com.br/produto/17768/placa-de-vdeo-asrock-radeon-rx-6700-xt-challenger-pro-oc-12gb-gddr6-192bit-90-ga2lzz-00uanf"
"Radeon RX 6700 XT","7499,90","10.7","74,59","806,21","whattomine","9,3","https://www.kabum.com.br/produto/153195/placa-de-v-deo-sapphire-nitro-radeon-rx-6700-xt-12gb-11306-01-20g"
"Radeon RX 6700 XT","7499,00","10.8","74,59","806,21","whattomine","9,3","https://www.terabyteshop.com.br/produto/17926/placa-de-video-sapphire-pulse-radeon-rx-6700-xt-12gb-gddr6-192bit-11306-02-20g"
"Radeon RX 6700 XT","7481,13","10.8","74,59","806,21","whattomine","9,3","https://www.terabyteshop.com.br/produto/17771/placa-de-vdeo-asrock-radeon-rx-6700-xt-phantom-gaming-d-oc-12gb-gddr6-192bit-90-ga2ezz-00uanf"
"Radeon RX 6700 XT","7568,13","10.7","74,59","806,21","whattomine","9,4","https://www.terabyteshop.com.br/produto/17528/placa-de-video-powercolor-red-devil-radeon-rx-6700-xt-12gb-gddr6-192bit-axrx-6700xt-12gbd6-3dheoc"
"Radeon RX 6700 XT","7699,89","10.5","74,59","806,21","whattomine","9,6","https://www.pichau.com.br/hardware/placa-de-video/placa-de-video-asrock-radeon-rx-6700-xt-challenger-pro-12gb-gddr6-oc-192-bit-90-ga2lzz-00uanf"
"Radeon RX 6700 XT","7799,00","10.3","74,59","806,21","whattomine","9,7","https://www.terabyteshop.com.br/produto/17925/placa-de-video-sapphire-radeon-rx-6700-xt-12gb-gddr6-192bit-11306-01-20g"
"Radeon RX 6700 XT","7799,00","10.3","74,59","806,21","whattomine","9,7","https://www.terabyteshop.com.br/produto/17251/placa-de-video-amd-radeon-rx-6700-xt-12gb-gddr6-192-bit-dual-rx6700xt-12g"
"Radeon RX 6700 XT","7999,90","10.1","74,59","806,21","whattomine","9,9","https://www.kabum.com.br/produto/150482/placa-de-v-deo-asus-amd-radeon-rx-6700-xt-16-gbps-12gb-gddr6-dual-rx6700xt-12g"
"Radeon RX 6700 XT","7999,00","10.1","74,59","806,21","whattomine","9,9","https://www.terabyteshop.com.br/produto/17246/placa-de-video-asus-tuf-gaming-radeon-rx-6700-xt-oc-12gb-gddr6-256bit-tuf-rx6700xt-o12g-gaming"
"GTX 1660 Super","4599,00","10.1","37,30","462,80","nicehash","9,9","https://www.terabyteshop.com.br/produto/12352/placa-de-video-galax-geforce-gtx-1660-super-1-click-oc-dual-6gb-gddr6-192bit-60srl7dsy91s"
"Radeon RX 6800","10999,90","10","79,92","1094,88","whattomine","10","https://www.kabum.com.br/produto/147645/placa-de-v-deo-gigabyte-radeon-rx-6800-gaming-oc-16g-16gb-gddr6-rgb-fusion-gv-r68gaming-oc-16gd"
"RTX 3060","7499,90","9.8","61,27","737,63","nicehash","10,2","https://www.pichau.com.br/hardware/placa-de-video/placa-de-video-pny-geforce-rtx-3060-12gb-gddr6-xlr8-revel-epic-x-rgb-192-bit-vcg306012dfxppb"
"RTX 2060","4784,13","9.8","47,95","470,15","nicehash","10,2","https://www.terabyteshop.com.br/produto/17763/placa-de-video-colorful-nvidia-geforce-rtx-2060-nb-v-6gb-gddr6-192bit-212327110831"
"RTX 2060","4799,00","9.8","47,95","470,15","nicehash","10,2","https://www.terabyteshop.com.br/produto/10304/placa-de-video-galax-geforce-rtx-2060-1-click-oc-6gb-26nrl7hpx7oc-gddr6-pci-exp"
"Radeon RX 6700 XT","8299,90","9.7","74,59","806,21","whattomine","10,3","https://www.kabum.com.br/produto/150480/placa-de-v-deo-asus-amd-radeon-rx-6700-xt-16-gbps-12gb-gddr6-tuf-rx6700xt-o12g-gaming"
"RTX 2060","4899,00","9.6","47,95","470,15","nicehash","10,4","https://www.terabyteshop.com.br/produto/17167/placa-de-video-asus-geforce-rtx-2060-oc-evo-dual-6gb-gddr6-192bit-dual-rtx2060-o6g-evo"
"Radeon RX 6700 XT","8499,90","9.5","74,59","806,21","whattomine","10,5","https://www.kabum.com.br/produto/155123/placa-de-v-deo-msi-radeon-rx-6700-xt-mech-2x-12g-oc-16-gbps-12gb-gddr6-dual-fan-912-v398-002"
"RTX 2060 Super","6599,00","9.5","58,61","625,99","nicehash","10,5","https://www.terabyteshop.com.br/produto/12142/placa-de-video-asus-geforce-rtx-2060-super-rog-strix-gaming-8gb-gddr6-256bit-rog-strix-rtx2060s-a8g-gaming"
"Radeon RX 6700 XT","8699,90","9.3","74,59","806,21","whattomine","10,8","https://www.kabum.com.br/produto/150481/placa-de-v-deo-asus-amd-radeon-rx-6700-xt-16-gbps-12gb-gddr6-rog-strix-rx6700xt-o12g-gaming"
"RX 6700 XT 12GB","7399,90","9.1","90,58","672,62","nicehash","11","https://www.pichau.com.br/hardware/placa-de-video/placa-de-video-sapphire-radeon-rx-6700-xt-12gb-gddr6-nitro-192-bit-11306-01-20g"
"Radeon RX 6900 XT","12179,13","9","79,92","1094,88","whattomine","11,1","https://www.terabyteshop.com.br/produto/17227/placa-de-video-sapphire-radeon-nitro-amd-radeon-rx-6900-xt-16gb-gddr6-256bit-11308-01-20g"
"RTX 3070","10199,00","9","63,94","919,76","nicehash","11,1","https://www.terabyteshop.com.br/produto/16947/placa-de-vdeo-galax-rtx-3070-1-click-oc-8gb-gddr6-256bit-37nsl6md2koc"
"RTX 3070","10199,00","9","63,94","919,76","nicehash","11,1","https://www.terabyteshop.com.br/produto/16343/placa-de-video-asus-ko-geforce-rtx-3070-oc-8gb-gddr6-256bit-ko-rtx3070-o8g-gaming"
"RX 6700 XT 12GB","7499,90","9","90,58","672,62","nicehash","11,2","https://www.pichau.com.br/hardware/placa-de-video/placa-de-video-asrock-radeon-rx-6700-xt-12gb-phantom-gaming-oc-edition-gddr6-192-bit-90-ga2ezz-00uanf"
"RTX 2060 Super","6999,00","8.9","58,61","625,99","nicehash","11,2","https://www.terabyteshop.com.br/produto/17927/placa-de-video-asus-rog-strix-rtx-2060-super-evo-v2-oc-8gb-gddr6-192bit-rog-strix-rtx2060s-o8g-evo-v2-gaming"
"Radeon RX 6700 XT","8999,00","9","74,59","806,21","whattomine","11,2","https://www.terabyteshop.com.br/produto/17247/placa-de-video-asus-rog-strix-radeon-rx-6700-xt-12gb-gddr6-256bit-rog-strix-rx6700xt-o12g-gaming"
"RTX 2060","5299,90","8.9","47,95","470,15","nicehash","11,3","https://www.kabum.com.br/produto/99679/placa-de-v-deo-zotac-nvidia-geforce-rtx-2060-twin-fan-6gb-gddr6-zt-t20600f-10m"
"RTX 3070","10999,00","8.4","63,94","919,76","nicehash","12","https://www.terabyteshop.com.br/produto/17615/placa-de-video-palit-nvidia-geforce-rtx-3070-gamerock-8gb-gddr6-256bit-ne63070019p2-1040g"
"RTX 3070","11649,90","7.9","63,94","919,76","nicehash","12,7","https://www.kabum.com.br/produto/135485/placa-de-v-deo-galax-nvidia-geforce-rtx-3070-14-gbps-8gb-gddr6-dlss-ray-tracing-37nsl6md2koc"
"Radeon RX 6900 XT","13998,83","7.8","79,92","1094,88","whattomine","12,8","https://www.pichau.com.br/hardware/placa-de-video/placa-de-video-gigabyte-radeon-rx-6900-xt-gaming-oc-16gb-gddr6-2-56-bit-gv-r69xtgaming-oc-16gd"
"Radeon RX 6900 XT","14789,13","7.4","79,92","1094,88","whattomine","13,5","https://www.terabyteshop.com.br/produto/16617/placa-de-video-asus-tuf-gaming-radeon-rx-6900-xt-16gb-gddr6-256bit-0080305-01"
"RTX 3070","12499,84","7.4","63,94","919,76","nicehash","13,6","https://www.pichau.com.br/hardware/placa-de-video/placa-de-video-asus-geforce-rtx-3070-8gb-gddr6-rog-strix-oc-256-bit-rog-strix-rtx3070-o8g-gaming"
"RTX 3070","12999,00","7.1","63,94","919,76","nicehash","14,1","https://www.terabyteshop.com.br/produto/15111/placa-de-video-asus-rog-strix-geforce-rtx-3070-8gb-gddr6x-256bit-rog-strix-rtx3070-8g-gaming"
"GTX 1650","2999,96","6.6","39,96","197,04","nicehash","15,2","https://www.pichau.com.br/hardware/placa-de-video/placa-de-video-asus-geforce-gtx-1650-4gb-gddr6-oc-phoenix-128-bit-ph-gtx1650-o4gd6-p"
"GTX 1650","2999,00","6.6","39,96","197,04","nicehash","15,2","https://www.terabyteshop.com.br/produto/17591/placa-de-video-asus-phoenix-geforce-gtx-1650-oc-4gb-gddr6-128bit-ph-gtx1650-o4gd6"
"Radeon RX 6900 XT","16999,90","6.4","79,92","1094,88","whattomine","15,5","https://www.kabum.com.br/produto/134513/placa-de-v-deo-asus-rog-strix-lc-radeon-rx-6900-xt-16-gbps-16gb-gddr6-rog-strix-lc-rx6900xt-o16g-gaming"
"RX 6900 XT 16GB","14499,81","6.3","117,22","918,68","nicehash","15,8","https://www.pichau.com.br/hardware/placa-de-video/placa-de-video-asus-radeon-rx-6900-xt-16gb-gddr6-2-56-bit-rx6900xt-16g"
"GTX 1650","3149,95","6.3","39,96","197,04","nicehash","16","https://www.pichau.com.br/hardware/placa-de-video/placa-de-video-asus-geforce-gtx-1650-oc-4gb-gddr6-tuf-gaming-128-bit-tuf-gtx1650-o4gd6-p-gaming"
"RTX 3090","29999,00","6","151,85","1797,55","nicehash","16,7","https://www.terabyteshop.com.br/produto/17923/placa-de-vdeo-galax-geforce-rtx-3090-hall-of-fame-24gb-gddr6x-384bit-39nxm5md3bno"
"GTX 1650","3299,00","6","39,96","197,04","nicehash","16,7","https://www.terabyteshop.com.br/produto/17590/placa-de-video-asus-tuf-gaming-geforce-gtx-1650-dual-4gb-gddr6-128bit-tuf-gtx1650-4gd6-gaming"
"GTX 1650","3399,00","5.8","39,96","197,04","nicehash","17,3","https://www.terabyteshop.com.br/produto/17589/placa-de-video-asus-tuf-gaming-geforce-gtx-1650-oc-dual-4gb-gddr6-128bit-tuf-gtx1650-o4gd6-gaming"
"GTX 1650","3499,94","5.6","39,96","197,04","nicehash","17,8","https://www.pichau.com.br/hardware/placa-de-video/placa-de-video-asus-geforce-gtx-1650-super-oc-4gb-gddr6-tuf-gaming-128-bit-tuf-gtx1650s-o4g-gaming"
"GTX 1650","3499,90","5.6","39,96","197,04","nicehash","17,8","https://www.kabum.com.br/produto/115225/placa-de-v-deo-gigabyte-nvidia-geforce-gtx-1650-d6-oc-low-profile-4g-4gb-gddr6-gv-n1656oc-4gl"
"GTX 1650","3499,90","5.6","39,96","197,04","nicehash","17,8","https://www.kabum.com.br/produto/108686/placa-de-v-deo-evga-nvidia-geforce-gtx-1650-super-sc-ultra-gaming-4gb-gddr6-04g-p4-1357-kr"
"GTX 1650","3499,90","5.6","39,96","197,04","nicehash","17,8","https://www.kabum.com.br/produto/113183/placa-de-v-deo-evga-nvidia-geforce-gtx-1650-super-xc-black-gaming-4gb-gddr6-04g-p4-1251-kr"
"GTX 1650","3499,90","5.6","39,96","197,04","nicehash","17,8","https://www.kabum.com.br/produto/118865/placa-de-v-deo-gigabyte-nvidia-geforce-gtx-1650-d6-windforce-oc-4g-gddr6-rev-2-0-gv-n1656wf2oc-4gd"
"GTX 1650","3799,90","5.2","39,96","197,04","nicehash","19,3","https://www.kabum.com.br/produto/112356/placa-de-v-deo-msi-nvidia-geforce-gtx-1650-d6-gaming-x-4gb-gddr6-geforce-gtx-1650-d6-gaming-x"
"GTX 1650","3799,00","5.2","39,96","197,04","nicehash","19,3","https://www.terabyteshop.com.br/produto/14362/placa-de-video-asus-tuf-gaming-geforce-gtx-1650-super-oc-dual-4gb-gddr6-128bit-tuf-gtx1650s-o4g-gaming"
"GTX 1050 Ti","1730,43","4.9","37,30","85,40","nicehash","20,3","https://www.terabyteshop.com.br/produto/17604/placa-de-video-palit-nvidia-geforce-gtx-1050-ti-4gb-gddr5-128bit-ne5105t018g1-1070f"
